[
  {
    "function": "minecraft:set_nbt",
    "tag": "{pages:[]}"
  },
  {
    "function": "minecraft:copy_nbt",
    "source": {
      "type": "minecraft:storage",
      "source": "editable_signs:sign_nbt"
    },
    "ops": [
      {
        "source": "Text1",
        "target": "pages",
        "op": "append"
      },
      {
        "source": "Text2",
        "target": "pages",
        "op": "append"
      },
      {
        "source": "Text3",
        "target": "pages",
        "op": "append"
      },
      {
        "source": "Text4",
        "target": "pages",
        "op": "append"
      }
    ]
  }
]