[
  {
    "function": "minecraft:set_nbt",
    "tag": "{HideFlags:32,CustomModelData:81101,sign_editor:true,axe_data:\"loked\",bucket_data:\"locked\"}"
  },
  {
    "function": "minecraft:set_name",
    "entity": "this",
    "name": {
      "nbt": "SelectedItem.tag.title",
      "entity": "@s",
      "interpret": false,
      "color": "yellow",
      "italic": false
    }
  },
  {
    "function": "minecraft:set_lore",
    "entity": "this",
    "lore": [
      [
        {
          "text": "Press ",
          "color": "gray",
          "italic": false
        },
        {
          "keybind": "key.sneak",
          "color": "gray",
          "italic": false,
          "underlined": true
        },
        {
          "text": " to ",
          "color": "gray",
          "italic": false
        },
        {
          "text": "paste",
          "color": "gray",
          "italic": false,
          "underlined": true
        },
        {
          "text": " the text",
          "color": "gray",
          "italic": false
        }
      ],
      {
        "text": "You cannot copy text with a locked sign editor",
        "color": "gray",
        "italic": false
      },
      [
        {
          "text": "Mode: ",
          "color": "gray",
          "italic": false
        },
        {
          "text": "locked",
          "color": "gray",
          "bold": true,
          "italic": false
        }
      ],
      {
        "text": "> Sign text:",
        "color": "gray",
        "italic": false
      },
      {
        "nbt": "SelectedItem.tag.display.Lore[4]",
        "entity": "@s",
        "interpret": true
      },
      {
        "nbt": "SelectedItem.tag.display.Lore[5]",
        "entity": "@s",
        "interpret": true
      },
      {
        "nbt": "SelectedItem.tag.display.Lore[6]",
        "entity": "@s",
        "interpret": true
      },
      {
        "nbt": "SelectedItem.tag.display.Lore[7]",
        "entity": "@s",
        "interpret": true
      }
    ],
    "replace": true
  }
]