{
  "function": "minecraft:set_lore",
  "entity": "this",
  "lore": [
    {
      "nbt": "SelectedItem.tag.display.Lore[0]",
      "entity": "@s",
      "interpret": true
    },
    {
      "nbt": "SelectedItem.tag.display.Lore[1]",
      "entity": "@s",
      "interpret": true
    },
    {
      "nbt": "SelectedItem.tag.display.Lore[2]",
      "entity": "@s",
      "interpret": true
    },
    {
      "nbt": "SelectedItem.tag.display.Lore[3]",
      "entity": "@s",
      "interpret": true
    },
    {
      "nbt": "SelectedItem.tag.pages[0]",
      "entity": "@s",
      "interpret": true
    },
    {
      "nbt": "SelectedItem.tag.pages[1]",
      "entity": "@s",
      "interpret": true
    },
    {
      "nbt": "SelectedItem.tag.pages[2]",
      "entity": "@s",
      "interpret": true
    },
    {
      "nbt": "SelectedItem.tag.pages[3]",
      "entity": "@s",
      "interpret": true
    }
  ],
  "replace": true
}