[
  {
    "function": "minecraft:set_lore",
    "lore": [
      [{"text":"Sneak with this in ","italic":false,"color":"gray"},{"text":"mainhand","italic":false,"color":"gray","underlined":true},{"text":" to ","italic":false,"color":"gray"},{"text":"paste","italic":false,"color":"gray","underlined":true},{"text":" the text","italic":false,"color":"gray"}],
      [{"text":"Sneak with this in ","italic":false,"color":"gray"},{"text":"offhand","italic":false,"color":"gray","underlined":true},{"text":" to ","italic":false,"color":"gray"},{"text":"copy","italic":false,"color":"gray","underlined":true},{"text":" the text","italic":false,"color":"gray"}],
      [{"text":"Mode: ","italic":false,"color":"gray"},{"text":"only copy","bold":true,"italic":false,"color":"gray"}],
      {"text":"> Sign text:","italic":false,"color":"gray","color":"gray"}
    ],
    "replace": true
  },
  {
    "function": "minecraft:set_name",
    "name": {
      "text": "Sign Editor",
      "color": "yellow",
      "italic": false
    }
  },
  {
    "function": "minecraft:set_nbt",
    "tag": "{CustomModelData:81101,editable_signs_version:1,sign_editor:true,axe_data:\"none\",bucket_data:\"none\",pages:[\"{\\\"text\\\":\\\"Line #1\\\",\\\"bold\\\":true,\\\"color\\\":\\\"red\\\",\\\"italic\\\":false}\",\"[{\\\"text\\\":\\\"Line \\\",\\\"italic\\\":true,\\\"color\\\":\\\"green\\\"},{\\\"text\\\":\\\"#2\\\",\\\"underlined\\\":true,\\\"color\\\":\\\"dark_green\\\"}]\",\"{\\\"text\\\":\\\"Line #3\\\",\\\"strikethrough\\\":true,\\\"italic\\\":false,\\\"color\\\":\\\"#2D1385\\\"}\",\"[{\\\"text\\\":\\\"Line\\\",\\\"obfuscated\\\":true,\\\"italic\\\":false,\\\"color\\\":\\\"yellow\\\"},{\\\"text\\\":\\\" #4\\\",\\\"color\\\":\\\"yellow\\\",\\\"obfuscated\\\":false}]\"]}"
  }
]