{
  "display": {
    "icon": {
      "item": "minecraft:writable_book",
      "nbt": "{CustomModelData:81101}"
    },
    "title": {
      "text": "Sign Editor",
      "color": "white"
    },
    "description": [{"text":"Get a Sign Editor clicking with an empty ","color":"green"},{"translate":"item.minecraft.writable_book","color":"green"},{"text":" on a sign","color":"green"}],
    "frame": "task",
    "show_toast": true,
    "announce_to_chat": false,
    "hidden": false
  },
  "parent": "minecraft:husbandry/root",
  "criteria": {
    "has_sign_editor": {
      "trigger": "minecraft:inventory_changed",
      "conditions": {
        "items": [
          {
            "nbt": "{sign_editor:true}"
          }
        ]
      }
    }
  },
  "requirements": [
    [
      "has_sign_editor"
    ]
  ],
  "rewards": {
    "function": "editable_signs:advancements_rewards/sign_editor"
  }
}