{
  "display": {
    "icon": {
      "item": "minecraft:writable_book",
      "nbt": "{CustomModelData:81102}"
    },
    "title": {
      "text": "Signs Breaker",
      "color": "white"
    },
    "description": {
      "text": "Use a Sign Editor in 'copy and break' mode",
      "color": "green"
    },
    "frame": "goal",
    "show_toast": true,
    "announce_to_chat": false,
    "hidden": false
  },
  "parent": "editable_signs:sign_editor",
  "criteria": {
    "impossible": {
      "trigger": "minecraft:impossible"
    }
  },
  "requirements": [
    [
      "impossible"
    ]
  ],
  "rewards": {
    "function": "editable_signs:advancements_rewards/signs_breaker"
  }
}
}