{
  "condition": "minecraft:alternative",
  "terms": [
    {
      "condition": "minecraft:entity_properties",
      "entity": "this",
      "predicate": {
        "type": "minecraft:player",
        "nbt": "{Inventory:[{Slot:-106b,id:\"minecraft:written_book\",tag:{axe_data:\"none\"}}]}"
      }
    },
    {
      "condition": "minecraft:entity_properties",
      "entity": "this",
      "predicate": {
        "type": "minecraft:player",
        "nbt": "{Inventory:[{Slot:-106b,id:\"minecraft:written_book\",tag:{bucket_data:\"none\"}}]}"
      }
    }
  ]
}