{
  "type": "minecraft:generic",
  "pools": [
    {
      "rolls": 1,
      "entries": [
        {
          "type": "minecraft:item",
          "name": "minecraft:writable_book",
          "functions": [
            {
              "function": "minecraft:set_lore",
              "entity": "this",
              "lore": [
                {
                  "nbt": "SelectedItem.tag.pages[0]",
                  "entity": "@s",
                  "interpret": true
                },
                {
                  "nbt": "SelectedItem.tag.pages[1]",
                  "entity": "@s",
                  "interpret": true
                },
                {
                  "nbt": "SelectedItem.tag.pages[2]",
                  "entity": "@s",
                  "interpret": true
                },
                {
                  "nbt": "SelectedItem.tag.pages[3]",
                  "entity": "@s",
                  "interpret": true
                }
              ],
              "replace": false
            },
            {
              "function": "minecraft:copy_nbt",
              "source": "this",
              "ops": [
                {
                  "source": "SelectedItem.tag.pages[0]",
                  "target": "SelectedItem.tag.sign_text[0]",
                  "op": "replace"
                }
              ]
            },
            {
              "function": "minecraft:copy_nbt",
              "source": "this",
              "ops": [
                {
                  "source": "SelectedItem.tag.pages[1]",
                  "target": "SelectedItem.tag.sign_text[1]",
                  "op": "replace"
                }
              ]
            },
            {
              "function": "minecraft:copy_nbt",
              "source": "this",
              "ops": [
                {
                  "source": "SelectedItem.tag.pages[2]",
                  "target": "SelectedItem.tag.sign_text[2]",
                  "op": "replace"
                }
              ]
            },
            {
              "function": "minecraft:copy_nbt",
              "source": "this",
              "ops": [
                {
                  "source": "SelectedItem.tag.pages[3]",
                  "target": "SelectedItem.tag.sign_text[3]",
                  "op": "replace"
                }
              ]
            },
            {
              "function": "minecraft:copy_nbt",
              "source": "this",
              "ops": [
                {
                  "source": "{}",
                  "target": "{}",
                  "op": "replace"
                }
              ]
            }
          ]
        }
      ]
    }
  ]
}